text,label
Port closure disrupts global shipping,1
Oil supply affected by war tensions,1
Workers strike delays logistics operations,1
Flood impacts transportation and supply chain,1
New movie released worldwide,0
Football match results announced,0
Gaming update released today,0
Celebrity wedding goes viral,0
Earthquake damages major highway infrastructure,1
Hurricane disrupts fuel distribution network,1
Factory fire halts semiconductor production,1
Rail strike causes cargo delays across Europe,1
Drought reduces agricultural exports significantly,1
Typhoon closes ports in Southeast Asia,1
Cyberattack shuts down freight management systems,1
Trucker shortage worsens supply chain bottlenecks,1
Border closure halts cross-country trade,1
Winter storm freezes logistics hubs nationwide,1
Chemical spill shuts down river transport route,1
Bridge collapse cuts off major trade corridor,1
Volcano eruption grounds cargo flights in region,1
New trade tariffs disrupt import flow,1
Fuel shortage grounds delivery fleets,1
Warehouse fire destroys inventory stockpile,1
Pandemic lockdown halts manufacturing output,1
Port workers walkout stalls container shipping,1
Train derailment blocks key freight route,1
Flooding closes major road supply routes,1
Power outage halts automated distribution center,1
Geopolitical conflict cuts off shipping lanes,1
Sanctions restrict export of critical materials,1
Canal blockage delays hundreds of cargo vessels,1
Supplier bankruptcy disrupts automotive parts chain,1
Raw material shortage forces factory shutdown,1
Severe fog delays air freight operations,1
Oil pipeline rupture affects fuel supply,1
Landslide blocks mountain freight passage,1
Wildfire forces evacuation of industrial zone,1
Labor dispute halts port operations for days,1
Export ban on grain causes food supply concerns,1
Cold snap freezes supply routes in northern region,1
Shipping container shortage delays global trade,1
Drone attack damages oil refinery output,1
New regulations delay customs clearance at ports,1
Sand storm disrupts desert transport routes,1
Mining strike reduces copper supply globally,1
River flooding halts inland waterway freight,1
Airport closure disrupts air cargo network,1
Heatwave damages road surfaces causing delays,1
Cargo ship grounded in shallow waters,1
Tech company launches new smartphone model,0
Popular TV show breaks streaming records,0
Athlete signs record-breaking sponsorship deal,0
Annual music festival lineup announced,0
Award ceremony highlights best films of year,0
Comedian tours major cities this summer,0
New fashion trend dominates social media,0
Art exhibition opens at national museum,0
Sports team wins championship after long drought,0
Video game sequel breaks sales records,0
Famous chef opens new restaurant downtown,0
Reality TV show renewed for another season,0
Pop star announces world concert tour,0
Film studio releases trailer for blockbuster,0
Social media influencer gains million followers,0
New dating show premieres on streaming platform,0
Bestselling novel adapted into film series,0
International sports tournament begins this week,0
Children's cartoon wins animation award,0
Famous actor retires from acting career,0
Theme park unveils new attraction ride,0
Travel blogger documents world trip journey,0
Beauty brand launches summer collection today,0
Dance competition finals air this weekend,0
Museum acquires rare painting collection,0
Cyclone disrupts shipping across Bay of Bengal,1
Fuel tax hike triggers truck driver protests,1
Snowstorm closes major interstate highway,1
Strike at auto plant halts vehicle production,1
Flooding damages warehouse district infrastructure,1
Rebel blockade cuts off supply convoy routes,1
Export quota on oil tightens global supply,1
Major retailer faces inventory shortage crisis,1
Fire at chemical plant halts raw material supply,1
Cargo ship seized in disputed territorial waters,1
Trade war escalates disrupting electronics supply,1
Drought reduces hydropower cutting factory output,1
Port congestion worsens amid holiday demand surge,1
Helicopter crash disrupts offshore oil supply,1
Mine collapse halts lithium production temporarily,1
Military conflict disrupts grain export corridor,1
Infrastructure failure delays rail freight service,1
Storm surge floods industrial port terminal,1
Worker shortage at distribution centers deepens,1
Ferry service suspended due to rough seas,1
Prolonged drought affects cotton harvest yields,1
Shipping alliance collapses disrupting freight rates,1
Regulatory shutdown hits pesticide supply chain,1
Critical road washed away by monsoon rains,1
Energy crisis forces factory production cuts,1
Ice storm disrupts fuel delivery in northeast,1
Dock worker illness outbreak stalls port activity,1
Customs IT system failure delays clearances,1
Political unrest closes border checkpoints,1
Flash flood isolates industrial production zone,1
New album released by Grammy-winning artist,0
Baseball season kicks off with opening games,0
Celebrity chef wins international culinary award,0
Popular podcast reaches one hundred million listeners,0
Actor spotted at premiere of new drama,0
Fashion week showcases spring collection in Paris,0
Science fiction novel tops bestseller chart,0
Olympic committee announces host city selection,0
Streaming platform adds new comedy series,0
Wildlife documentary earns critical acclaim,0
Singer collaborates with famous producer,0
Esports tournament draws record online viewership,0
National park reports record visitor numbers,0
Stand-up special receives rave reviews,0
Board game becomes viral sensation online,0
Fantasy sports league adds new features,0
Famous photographer exhibits work globally,0
Children's book author announces new title,0
Food critic reviews trending new restaurant,0
Ballet company performs sold-out shows worldwide,0
Ice storm closes ports along eastern seaboard,1
Crane collapse halts container loading at dock,1
Logistic software failure disrupts nationwide delivery,1
Storm damages underwater fiber optic cables,1
Violent protests block key industrial highway,1
Contamination forces closure of water freight lock,1
Fuel spill closes major harbor to tankers,1
Embargo on steel imports disrupts construction supply,1
Solar storm disrupts GPS navigation for freight,1
Major earthquake damages port infrastructure,1
Harvest failure due to frost reduces grain export,1
Shipping firm files bankruptcy leaving cargo stranded,1
Critical bridge undergoes emergency closure for repairs,1
Factory explosion halts production of key components,1
Labor union calls for indefinite port strike,1
Gas pipeline explosion disrupts energy distribution,1
Chip shortage paralyzes automobile production lines,1
Customs officers strike slows border trade flow,1
Dam failure floods downstream industrial area,1
Export controls on rare earth metals tighten,1
Truck accident spills hazardous cargo on highway,1
Ice road melts early cutting off remote supply,1
Severe air quality alert grounds cargo flights,1
Ransomware attack halts port terminal operations,1
Ferry strike delays island supply deliveries,1
Oil rig fire reduces offshore production output,1
Heavy rain collapses road to mining facility,1
Freight train collision blocks main rail corridor,1
Political coup disrupts national logistics network,1
New documentary about wildlife premieres online,0
Tennis player wins major grand slam title,0
Book club recommends thriller novel this month,0
Comedy film tops box office opening weekend,0
Fashion designer wins prestigious industry award,0
Music band releases anniversary edition album,0
Science museum opens interactive exhibit hall,0
Social media platform launches new video feature,0
Cooking competition show announces new judges,0
Sports commentator signs deal with broadcaster,0
Celebrity couple announces pregnancy publicly,0
Historical drama series wins multiple awards,0
Video streaming service raises subscription price,0
Famous novelist wins international literary prize,0
Talent show discovers next singing superstar,0
Outdoor concert festival sells out within hours,0
Fitness influencer launches new workout program,0
Graphic novel adapted into animated series,0
Marathon race attracts thousands of participants,0
Vintage car show draws enthusiasts nationwide,0
Oil embargo triggers global energy supply crunch,1
Earthquake severs undersea internet cable routes,1
Hailstorm damages greenhouse farming infrastructure,1
Wildfire cuts off forest product supply routes,1
Tsunami warning closes Pacific shipping lanes,1
Port equipment failure causes major cargo backlog,1
Refinery shutdown tightens petroleum product supply,1
Prolonged fog halts river transport operations,1
Extreme heat buckles rail lines causing delays,1
National strike paralyzes domestic freight movement,1
Heavy snowfall blocks mountain pass supply route,1
Sanctions cut off semiconductor export channels,1
Terrorist attack on oil pipeline disrupts supply,1
Train strike leaves supermarket shelves empty,1
Major drought reduces hydroelectric power output,1
Riot damages logistics infrastructure in capital city,1
Flooding forces closure of automotive assembly plant,1
Explosion at fertilizer plant disrupts agriculture supply,1
Shipping route closed due to naval exercises,1
Gas shortage triggers rationing at fuel depots,1
Truck drivers strike over fuel prices nationwide,1
Storm destroys key warehouse storage facilities,1
Airline cargo capacity cut due to pilot strike,1
Frozen river halts barge transport for weeks,1
Building collapse closes busy freight terminal,1
Export license suspended for critical medical supplies,1
Natural disaster disrupts pharmaceutical supply chain,1
Mine flooding halts production of key mineral,1
Flash floods damage road freight network severely,1
Crisis forces emergency shutdown of nuclear plant,1
Sports league announces new season schedule,0
Travel vlogger shares tips for budget vacation,0
New mobile app gains millions of downloads,0
Celebrity releases autobiography memoir book,0
Music streaming platform updates its algorithm,0
Local marathon raises funds for charity cause,0
Comedy special receives standing ovation online,0
Theme park announces new holiday events lineup,0
Skateboarding event draws global athletes this summer,0
New animated movie breaks opening weekend records,0
Luxury fashion house unveils exclusive collection,0
Popular podcast hosts international storytelling contest,0
Actor wins award for debut performance,0
TV drama explores political themes in new season,0
Gaming console manufacturer announces next release,0
Surfing competition attracts top international athletes,0
Celebrity chef partners with food delivery platform,0
Social media trend sparks viral dance challenge,0
Art gallery auction fetches record hammer price,0
Children's TV show introduces new character,0
Storm surge threatens coastal industrial facilities,1
Import restrictions on electronics parts tighten,1
Power plant outage reduces manufacturing capacity,1
Cargo theft ring disrupts regional supply lines,1
Drought reduces river depth halting barge traffic,1
Civil unrest forces factory closure for safety,1
Shipping line cancels routes due to low demand,1
Contaminated water supply halts food processing plant,1
Grounding of aircraft fleet delays air freight,1
Trade agreement collapse disrupts agricultural exports,1
Port fire destroys stored goods worth millions,1
Customs system hack delays thousands of shipments,1
Severe winter weather closes multiple freight routes,1
Supplier factory faces forced regulatory shutdown,1
Oil tanker collision spills crude in major port,1
Nationwide power blackout halts cold chain logistics,1
Massive recall disrupts pharmaceutical distribution network,1
Rock slide blocks mountain road to mining site,1
Fuel tanker explosion closes highway for days,1
Bird flu outbreak triggers poultry trade restrictions,1
New fitness app launches to great fanfare,0
Award-winning director announces new film project,0
Book fair attracts thousands of literary fans,0
Sports network signs exclusive broadcasting contract,0
Musician performs surprise concert in city park,0
Reality star launches lifestyle brand online,0
Nature photographer wins global recognition award,0
Animated short film goes viral on social media,0
Football club signs marquee transfer before deadline,0
Travel magazine names top destinations of year,0
Celebrity chef releases new cookbook today,0
Home renovation show returns for new season,0
Science fiction movie premieres at international festival,0
Comedian wins award at prestigious comedy festival,0
New theme park opens in major tourist city,0
Popular video game receives major content update,0
Classic car auction draws collectors from worldwide,0
Bestselling author announces sequel to popular novel,0